title	part	content_date	bytes	sha256	file
15	774	2026-09-01	2131189	c60be9cd7da59aa8	ecfr/title-15-part-774-2026-09-01.xml
15	738	2026-09-01	185142	b4b8bdae1b9f39ea	ecfr/title-15-part-738-2026-09-01.xml
15	740	2026-09-01	404157	9f92d95bc9de52ef	ecfr/title-15-part-740-2026-09-01.xml
15	742	2026-09-01	217719	138ec111600f13a5	ecfr/title-15-part-742-2026-09-01.xml
15	744	2026-09-01	2510387	60fb4d77fc3360ba	ecfr/title-15-part-744-2026-09-01.xml
15	734	2026-09-01	131715	404abde062c206d9	ecfr/title-15-part-734-2026-09-01.xml
22	121	2026-09-01	240765	b0c86755ec2ece85	ecfr/title-22-part-121-2026-09-01.xml
22	120	2026-09-01	98831	dd45099fe397a102	ecfr/title-22-part-120-2026-09-01.xml
22	122	2026-09-01	18016	174a385f14195168	ecfr/title-22-part-122-2026-09-01.xml
15	738-appendix-suppl1	2026-09-01	160651	4efe518c0d5a6c8a	ecfr/title-15-part-738-appendix-suppl1-2026-09-01.xml
